-- phpMyAdmin SQL Dump
-- version 4.9.5
-- https://www.phpmyadmin.net/
--
-- Host: localhost:3306
-- Generation Time: Sep 22, 2022 at 08:34 PM
-- Server version: 10.5.16-MariaDB
-- PHP Version: 7.3.32

SET SQL_MODE = "NO_AUTO_VALUE_ON_ZERO";
SET AUTOCOMMIT = 0;
START TRANSACTION;
SET time_zone = "+00:00";


/*!40101 SET @OLD_CHARACTER_SET_CLIENT=@@CHARACTER_SET_CLIENT */;
/*!40101 SET @OLD_CHARACTER_SET_RESULTS=@@CHARACTER_SET_RESULTS */;
/*!40101 SET @OLD_COLLATION_CONNECTION=@@COLLATION_CONNECTION */;
/*!40101 SET NAMES utf8mb4 */;

--
-- Database: `id16928246_amjd`
--

-- --------------------------------------------------------

--
-- Table structure for table `accessadd`
--

CREATE TABLE `accessadd` (
  `acc_id` int(11) NOT NULL,
  `use_id` int(11) NOT NULL,
  `adduser` tinyint(4) NOT NULL,
  `addshope` tinyint(4) NOT NULL,
  `addmall` tinyint(4) NOT NULL,
  `addtyp_shope` tinyint(4) NOT NULL,
  `addtype_sec` tinyint(4) NOT NULL,
  `addcity` tinyint(4) NOT NULL,
  `addstreet` tinyint(4) NOT NULL,
  `addcustomer` tinyint(4) NOT NULL,
  `addcolor` tinyint(4) NOT NULL,
  `addsize` tinyint(4) NOT NULL,
  `addnotif` tinyint(4) NOT NULL,
  `addactiveUser` tinyint(4) NOT NULL,
  `addactiveShope` tinyint(4) NOT NULL,
  `addactiveProduct` tinyint(4) NOT NULL,
  `addactiveCustomer` tinyint(4) NOT NULL,
  `addAccess` tinyint(4) NOT NULL
) ENGINE=InnoDB DEFAULT CHARSET=utf8mb4 COLLATE=utf8mb4_bin;

--
-- Dumping data for table `accessadd`
--

INSERT INTO `accessadd` (`acc_id`, `use_id`, `adduser`, `addshope`, `addmall`, `addtyp_shope`, `addtype_sec`, `addcity`, `addstreet`, `addcustomer`, `addcolor`, `addsize`, `addnotif`, `addactiveUser`, `addactiveShope`, `addactiveProduct`, `addactiveCustomer`, `addAccess`) VALUES
(1, 27, 1, 1, 1, 1, 1, 1, 1, 1, 1, 1, 1, 1, 1, 1, 1, 1),
(41, 31, 1, 1, 1, 1, 1, 1, 1, 1, 1, 1, 1, 0, 0, 0, 0, 1),
(47, 32, 0, 0, 0, 0, 0, 0, 0, 0, 0, 0, 0, 0, 0, 0, 0, 0);

-- --------------------------------------------------------

--
-- Table structure for table `accessdel`
--

CREATE TABLE `accessdel` (
  `acc_id` int(11) NOT NULL,
  `use_id` int(11) NOT NULL,
  `deluser` tinyint(4) NOT NULL,
  `delshope` tinyint(4) NOT NULL,
  `delmall` tinyint(4) NOT NULL,
  `deltyp_shope` tinyint(4) NOT NULL,
  `deltype_sec` tinyint(4) NOT NULL,
  `delcity` tinyint(4) NOT NULL,
  `delstreet` tinyint(4) NOT NULL,
  `delcustomer` tinyint(4) NOT NULL,
  `delcolor` tinyint(4) NOT NULL,
  `delsize` tinyint(4) NOT NULL,
  `delnotif` tinyint(4) NOT NULL,
  `delactiveUser` tinyint(4) NOT NULL,
  `delactiveShope` tinyint(4) NOT NULL,
  `delactiveProduct` tinyint(4) NOT NULL,
  `delactiveCustomer` tinyint(4) NOT NULL
) ENGINE=InnoDB DEFAULT CHARSET=utf8mb4 COLLATE=utf8mb4_bin;

--
-- Dumping data for table `accessdel`
--

INSERT INTO `accessdel` (`acc_id`, `use_id`, `deluser`, `delshope`, `delmall`, `deltyp_shope`, `deltype_sec`, `delcity`, `delstreet`, `delcustomer`, `delcolor`, `delsize`, `delnotif`, `delactiveUser`, `delactiveShope`, `delactiveProduct`, `delactiveCustomer`) VALUES
(1, 27, 1, 1, 1, 1, 1, 1, 1, 1, 1, 1, 1, 0, 0, 0, 0),
(40, 31, 0, 1, 1, 1, 1, 0, 0, 1, 1, 1, 1, 0, 0, 0, 0),
(46, 32, 0, 0, 0, 0, 0, 0, 0, 0, 0, 0, 0, 0, 0, 0, 0);

-- --------------------------------------------------------

--
-- Table structure for table `accessedit`
--

CREATE TABLE `accessedit` (
  `acc_id` int(11) NOT NULL,
  `use_id` int(11) NOT NULL,
  `edituser` tinyint(4) NOT NULL DEFAULT 0,
  `editshope` tinyint(4) NOT NULL,
  `editmall` tinyint(4) NOT NULL,
  `edittyp_shope` tinyint(4) NOT NULL,
  `edittype_sec` tinyint(4) NOT NULL,
  `editcity` tinyint(4) NOT NULL,
  `editstreet` tinyint(4) NOT NULL,
  `editcustomer` tinyint(4) NOT NULL,
  `editcolor` tinyint(4) NOT NULL,
  `editsize` tinyint(4) NOT NULL,
  `editnotif` tinyint(4) NOT NULL,
  `editactiveUser` tinyint(4) NOT NULL,
  `editactiveShope` tinyint(4) NOT NULL,
  `editactiveProduct` tinyint(4) NOT NULL,
  `editactiveCustomer` tinyint(4) NOT NULL,
  `editAccess` tinyint(4) NOT NULL
) ENGINE=InnoDB DEFAULT CHARSET=utf8mb4 COLLATE=utf8mb4_bin;

--
-- Dumping data for table `accessedit`
--

INSERT INTO `accessedit` (`acc_id`, `use_id`, `edituser`, `editshope`, `editmall`, `edittyp_shope`, `edittype_sec`, `editcity`, `editstreet`, `editcustomer`, `editcolor`, `editsize`, `editnotif`, `editactiveUser`, `editactiveShope`, `editactiveProduct`, `editactiveCustomer`, `editAccess`) VALUES
(1, 27, 1, 1, 1, 1, 1, 1, 1, 1, 1, 1, 1, 1, 1, 1, 1, 1),
(40, 31, 0, 1, 1, 1, 1, 1, 1, 1, 1, 1, 1, 0, 1, 1, 1, 0),
(46, 32, 0, 0, 0, 0, 0, 0, 0, 0, 0, 0, 0, 0, 0, 0, 0, 0);

-- --------------------------------------------------------

--
-- Table structure for table `accessview`
--

CREATE TABLE `accessview` (
  `acc_id` int(11) NOT NULL,
  `use_id` int(11) NOT NULL,
  `viewAccess` tinyint(4) NOT NULL,
  `viewuser` tinyint(4) NOT NULL,
  `viewshope` tinyint(4) NOT NULL,
  `viewmall` tinyint(4) NOT NULL,
  `viewtyp_shope` tinyint(4) NOT NULL,
  `viewtype_sec` tinyint(4) NOT NULL,
  `viewcity` tinyint(4) NOT NULL,
  `viewstreet` tinyint(4) NOT NULL,
  `viewcustomer` tinyint(4) NOT NULL,
  `viewcolor` tinyint(4) NOT NULL,
  `viewsize` tinyint(4) NOT NULL,
  `viewnotif` tinyint(4) NOT NULL,
  `viewsettingsPage` tinyint(4) NOT NULL,
  `viewactivePage` tinyint(4) NOT NULL,
  `viewactiveUser` tinyint(4) NOT NULL,
  `viewactiveShope` tinyint(4) NOT NULL,
  `viewactiveProduct` tinyint(4) NOT NULL,
  `viewactiveCustomer` tinyint(4) NOT NULL,
  `viewshopePage` tinyint(4) NOT NULL,
  `viewdescount` tinyint(4) DEFAULT 0,
  `viewactivemall` tinyint(4) DEFAULT 0,
  `viewactivediscount` tinyint(4) DEFAULT 0
) ENGINE=InnoDB DEFAULT CHARSET=utf8mb4 COLLATE=utf8mb4_bin;

--
-- Dumping data for table `accessview`
--

INSERT INTO `accessview` (`acc_id`, `use_id`, `viewAccess`, `viewuser`, `viewshope`, `viewmall`, `viewtyp_shope`, `viewtype_sec`, `viewcity`, `viewstreet`, `viewcustomer`, `viewcolor`, `viewsize`, `viewnotif`, `viewsettingsPage`, `viewactivePage`, `viewactiveUser`, `viewactiveShope`, `viewactiveProduct`, `viewactiveCustomer`, `viewshopePage`, `viewdescount`, `viewactivemall`, `viewactivediscount`) VALUES
(1, 27, 1, 1, 1, 1, 1, 1, 1, 1, 1, 1, 1, 1, 1, 1, 1, 1, 1, 1, 1, 1, 1, 1),
(40, 31, 1, 1, 1, 1, 1, 1, 1, 1, 1, 1, 0, 1, 1, 1, 1, 1, 1, 1, 1, 1, 1, 1),
(46, 32, 0, 0, 0, 0, 0, 0, 0, 0, 0, 0, 0, 0, 0, 0, 0, 0, 0, 0, 0, 0, 0, 0);

-- --------------------------------------------------------

--
-- Table structure for table `category`
--

CREATE TABLE `category` (
  `cat_id` int(11) NOT NULL,
  `cat_name` varchar(250) COLLATE utf8mb4_unicode_ci DEFAULT NULL,
  `cat_name_en` varchar(250) COLLATE utf8mb4_unicode_ci DEFAULT NULL,
  `cat_regdate` datetime DEFAULT NULL,
  `cat_thumbnail` varchar(250) COLLATE utf8mb4_unicode_ci DEFAULT NULL,
  `cat_image` varchar(250) COLLATE utf8mb4_unicode_ci DEFAULT NULL
) ENGINE=InnoDB DEFAULT CHARSET=utf8mb4 COLLATE=utf8mb4_unicode_ci;

-- --------------------------------------------------------

--
-- Table structure for table `city`
--

CREATE TABLE `city` (
  `cit_id` int(11) NOT NULL,
  `cit_name` varchar(250) CHARACTER SET utf8mb4 COLLATE utf8mb4_unicode_ci NOT NULL
) ENGINE=InnoDB DEFAULT CHARSET=utf8 COLLATE=utf8_bin;

--
-- Dumping data for table `city`
--

INSERT INTO `city` (`cit_id`, `cit_name`) VALUES
(1, 'صنعاء'),
(170, 'تعز');

-- --------------------------------------------------------

--
-- Table structure for table `comment`
--

CREATE TABLE `comment` (
  `com_id` int(11) NOT NULL,
  `com_name` varchar(3000) CHARACTER SET utf8mb4 COLLATE utf8mb4_unicode_ci DEFAULT NULL,
  `cus_id` int(11) DEFAULT NULL,
  `sho_id` int(11) DEFAULT NULL,
  `com_regdate` datetime DEFAULT NULL
) ENGINE=InnoDB DEFAULT CHARSET=utf8 COLLATE=utf8_bin;

--
-- Dumping data for table `comment`
--

INSERT INTO `comment` (`com_id`, `com_name`, `cus_id`, `sho_id`, `com_regdate`) VALUES
(14, 'تبننبنبم', 4, 63, '2021-05-26 09:49:48'),
(20, 'تلتنن', 2, 61, '2021-06-02 13:51:26'),
(21, 'ههههههههه', 2, 25, '2021-06-04 12:43:08'),
(22, 'خخخخخخخخ', 3, 25, '2021-06-04 12:43:14'),
(23, 'ححححححح', 4, 75, '2021-06-04 12:44:18'),
(24, 'ججججججججج', 1, 25, '2021-06-04 12:44:52'),
(26, 'ححححدظظةتت', 2, 25, '2021-06-04 13:10:42'),
(29, 'تاااااا', 2, 75, '2021-06-17 14:47:32'),
(30, 'قوة ياولي ', 4, 75, '2021-07-27 08:45:49'),
(31, 'زغعظقةعظعزفةع', 2, 75, '2021-09-25 13:13:07'),
(32, 'تتتتتت', 2, 89, '2021-10-03 21:45:04'),
(33, 'تييتقتث', 2, 75, '2021-11-14 13:49:28'),
(34, 'vghgfgh', 2, 75, '2021-11-20 15:06:59'),
(35, 'vghgfgh', 2, 75, '2021-11-20 15:06:59'),
(36, 'mmmm', 2, 75, '2021-11-20 15:30:50'),
(37, 'bbbbbbbbb', 2, 75, '2021-11-20 15:37:04'),
(38, 'hhhhhhhh', 2, 75, '2021-11-20 15:38:28'),
(39, 'bfgfhdhfdfd', 2, 75, '2021-11-20 15:41:35'),
(40, 'امخلخل٨ل٨ل٨ل', 5, 75, '2021-11-26 22:19:39'),
(41, 'ةمململهبهلهق', 5, 75, '2022-01-15 13:43:20');

-- --------------------------------------------------------

--
-- Table structure for table `customer`
--

CREATE TABLE `customer` (
  `cus_id` int(11) NOT NULL,
  `cus_name` varchar(250) CHARACTER SET utf8mb4 COLLATE utf8mb4_unicode_ci NOT NULL,
  `cus_pwd` varchar(250) CHARACTER SET utf8mb4 COLLATE utf8mb4_unicode_ci DEFAULT NULL,
  `cus_mobile` varchar(250) COLLATE utf8_bin DEFAULT NULL,
  `cus_email` varchar(250) CHARACTER SET utf8mb4 COLLATE utf8mb4_unicode_ci DEFAULT NULL,
  `cus_regdate` datetime DEFAULT NULL,
  `cus_block` int(11) DEFAULT 0,
  `cus_token` varchar(500) COLLATE utf8_bin DEFAULT NULL,
  `cus_address` varchar(1000) CHARACTER SET utf8mb4 COLLATE utf8mb4_unicode_ci DEFAULT NULL,
  `cus_lan` varchar(200) COLLATE utf8_bin DEFAULT NULL,
  `cus_lat` varchar(200) COLLATE utf8_bin DEFAULT NULL,
  `cus_note` varchar(100) CHARACTER SET utf8mb4 COLLATE utf8mb4_unicode_ci DEFAULT NULL,
  `cus_thumbnail` varchar(500) COLLATE utf8_bin DEFAULT NULL,
  `cus_image` varchar(500) COLLATE utf8_bin DEFAULT NULL,
  `cit_id` int(11) DEFAULT NULL,
  `isMale` tinyint(4) DEFAULT NULL
) ENGINE=InnoDB DEFAULT CHARSET=utf8 COLLATE=utf8_bin;

--
-- Dumping data for table `customer`
--

INSERT INTO `customer` (`cus_id`, `cus_name`, `cus_pwd`, `cus_mobile`, `cus_email`, `cus_regdate`, `cus_block`, `cus_token`, `cus_address`, `cus_lan`, `cus_lat`, `cus_note`, `cus_thumbnail`, `cus_image`, `cit_id`, `isMale`) VALUES
(1, 'فوفو', '1111111', '1111111', 'test@gmail.com', '2021-05-01 14:58:38', 1, NULL, NULL, NULL, NULL, NULL, '', '', 1, NULL),
(2, 'امجد القحطاني', '7777777', '7777777', 'test2@gmail.com', '2021-05-01 15:24:57', 0, NULL, NULL, NULL, NULL, NULL, 'c8ef89bbb4da5bf357134dff0936985c.jpg', '025ea665bf4dd84769d42e8ba20ed124.jpg', 1, NULL),
(3, 'عبده سعيد', '12345678', '01215580', '...', '2021-05-25 07:22:29', 0, NULL, NULL, NULL, NULL, NULL, 'c8ef89bbb4da5bf357134dff0936985c.jpg', '025ea665bf4dd84769d42e8ba20ed124.jpg', NULL, NULL),
(4, 'نشر العمراني', '1234567890', '737322399', '', '2021-05-26 09:54:45', 0, NULL, NULL, NULL, NULL, NULL, '', '', NULL, NULL),
(5, 'اسامه', '123456789', '123456789', 'amjd56606050@gmail.com', '2021-11-04 10:52:38', 0, NULL, NULL, NULL, NULL, NULL, '', '', NULL, NULL),
(6, 'اسم تجريبي', '0000000000', '0000000000', 'amjd606070@gmail.com', '2022-03-04 19:16:37', 0, NULL, NULL, NULL, NULL, NULL, '', '', NULL, NULL);

-- --------------------------------------------------------

--
-- Table structure for table `delivery`
--

CREATE TABLE `delivery` (
  `del_id` int(11) NOT NULL,
  `del_name` varchar(250) COLLATE utf8mb4_bin DEFAULT NULL,
  `del_mobile` varchar(250) CHARACTER SET utf8mb4 COLLATE utf8mb4_unicode_ci DEFAULT NULL,
  `del_pwd` varchar(250) CHARACTER SET utf8mb4 COLLATE utf8mb4_unicode_ci DEFAULT NULL,
  `del_regdate` datetime DEFAULT NULL,
  `del_lastdate` datetime DEFAULT NULL,
  `del_thumbnail` varchar(250) COLLATE utf8mb4_bin DEFAULT NULL,
  `del_image` varchar(250) COLLATE utf8mb4_bin DEFAULT NULL,
  `del_note` varchar(1000) COLLATE utf8mb4_bin DEFAULT NULL
) ENGINE=InnoDB DEFAULT CHARSET=utf8mb4 COLLATE=utf8mb4_bin;

-- --------------------------------------------------------

--
-- Table structure for table `DetalisPackage`
--

CREATE TABLE `DetalisPackage` (
  `det_PacID` int(11) NOT NULL,
  `det_PacName` varchar(1000) CHARACTER SET utf8mb4 COLLATE utf8mb4_unicode_ci DEFAULT NULL,
  `ty_pacID` int(11) NOT NULL,
  `Active` tinyint(4) NOT NULL
) ENGINE=InnoDB DEFAULT CHARSET=utf8 COLLATE=utf8_unicode_ci;

--
-- Dumping data for table `DetalisPackage`
--

INSERT INTO `DetalisPackage` (`det_PacID`, `det_PacName`, `ty_pacID`, `Active`) VALUES
(4, 'دقة الصورة  30. %', 5, 1),
(5, 'دقة الصورة. 50 %', 6, 1),
(6, 'دقة الصورة 75%', 7, 1),
(7, 'دقة الصورة 100%', 8, 1),
(8, 'كوبونات التخفيض', 5, 0),
(9, 'كوبونات التخفيض ', 6, 0),
(10, 'كوبونات التخفيض ', 7, 1),
(11, 'كوبونات التخفيض ', 8, 1),
(12, '  cfdde', 5, 1);

-- --------------------------------------------------------

--
-- Table structure for table `discounts`
--

CREATE TABLE `discounts` (
  `dis_id` int(11) NOT NULL,
  `dis_name` varchar(1000) CHARACTER SET utf8mb4 COLLATE utf8mb4_unicode_ci DEFAULT NULL,
  `dis_price` int(11) DEFAULT NULL,
  `dis_offer` int(11) DEFAULT NULL,
  `dis_start_date` datetime DEFAULT NULL,
  `dis_end_date` datetime DEFAULT NULL,
  `dis_thumbnail` varchar(500) CHARACTER SET utf8mb4 COLLATE utf8mb4_unicode_ci DEFAULT NULL,
  `dis_image` varchar(500) CHARACTER SET utf8mb4 COLLATE utf8mb4_unicode_ci DEFAULT NULL,
  `dis_note` varchar(1000) CHARACTER SET utf8mb4 COLLATE utf8mb4_unicode_ci DEFAULT NULL,
  `sho_id` int(11) DEFAULT NULL,
  `dis_state` tinyint(4) DEFAULT 1,
  `isactive` tinyint(4) DEFAULT 1,
  `ismall` tinyint(4) DEFAULT NULL,
  `mal_id` int(11) DEFAULT NULL,
  `str_id` int(11) DEFAULT NULL,
  `isShope` int(11) DEFAULT NULL
) ENGINE=InnoDB DEFAULT CHARSET=utf8mb4 COLLATE=utf8mb4_bin;

--
-- Dumping data for table `discounts`
--

INSERT INTO `discounts` (`dis_id`, `dis_name`, `dis_price`, `dis_offer`, `dis_start_date`, `dis_end_date`, `dis_thumbnail`, `dis_image`, `dis_note`, `sho_id`, `dis_state`, `isactive`, `ismall`, `mal_id`, `str_id`, `isShope`) VALUES
(107, 'عرض افراد', 88, 88, '2021-10-03 16:40:54', '2021-10-04 16:40:54', '', '', 'ررب', 89, 0, 0, NULL, NULL, NULL, 0),
(108, 'ووصتيتسعغص', 94984, 94954, '2021-10-03 17:21:41', '2021-10-05 08:59:41', '', '', 'ويةاي', 89, 0, 1, NULL, NULL, NULL, 1),
(109, ' عرض تجريبي', 98, 9608, '2021-10-03 18:00:37', '2021-10-05 18:03:37', '', '', ' ز ي', 89, 0, 1, NULL, NULL, NULL, 1),
(110, 'ززبنب', 91964, 484, '2021-10-03 18:25:30', '2021-10-05 18:25:30', '54b9165ac25c7271cf96700e789bf730.jpg', 'c0853cd030ab9c1c5ef87a8fdad8a270.jpg', 'وةبةبه', 89, 0, 1, NULL, NULL, NULL, 1),
(144, 'رهعررب', 686868, 386886, '2021-11-22 00:59:26', '2021-11-24 00:59:26', '', '', '', 75, 1, 1, NULL, NULL, NULL, 1),
(145, 'خخخخخخخهخ', 855, 888, '2021-11-22 00:59:40', '2021-11-24 00:59:40', '', '', '', 75, 1, 1, NULL, NULL, NULL, 1),
(146, 'غغغغغغ', 86767, 76767, '2021-11-22 01:02:39', '2021-11-24 01:02:39', '', '', '', 75, 1, 1, NULL, NULL, NULL, 1);

-- --------------------------------------------------------

--
-- Table structure for table `favorite`
--

CREATE TABLE `favorite` (
  `fav_id` int(11) NOT NULL,
  `sho_id` int(11) DEFAULT NULL,
  `cus_id` int(11) NOT NULL,
  `fav_regdate` datetime DEFAULT NULL,
  `pro_id` int(11) DEFAULT NULL
) ENGINE=InnoDB DEFAULT CHARSET=utf8 COLLATE=utf8_bin;

--
-- Dumping data for table `favorite`
--

INSERT INTO `favorite` (`fav_id`, `sho_id`, `cus_id`, `fav_regdate`, `pro_id`) VALUES
(31, 75, 2, '2021-11-22 16:48:35', 42),
(34, 75, 2, '2021-11-22 21:46:48', -1),
(35, 75, 2, '2021-11-22 21:47:53', -1),
(36, 75, 2, '2021-11-22 21:48:44', -1),
(37, 75, 2, '2021-11-22 22:48:50', 43),
(39, 75, 5, '2022-01-15 13:43:42', 42),
(40, 75, 6, '2022-04-30 19:49:01', 42);

-- --------------------------------------------------------

--
-- Table structure for table `food`
--

CREATE TABLE `food` (
  `foo_id` int(11) NOT NULL,
  `cat_id` int(11) NOT NULL,
  `foo_name` varchar(250) CHARACTER SET utf8mb4 COLLATE utf8mb4_unicode_ci DEFAULT NULL,
  `foo_name_en` varchar(250) CHARACTER SET utf8mb4 COLLATE utf8mb4_unicode_ci DEFAULT NULL,
  `foo_regdate` datetime DEFAULT NULL,
  `foo_image` varchar(250) COLLATE utf8_bin DEFAULT NULL,
  `foo_thumbnail` varchar(250) CHARACTER SET utf8mb4 COLLATE utf8mb4_unicode_ci DEFAULT NULL,
  `foo_price` int(11) DEFAULT NULL,
  `foo_offer` int(11) DEFAULT NULL,
  `foo_info` varchar(1000) CHARACTER SET utf8mb4 COLLATE utf8mb4_unicode_ci DEFAULT NULL,
  `foo_info_en` varchar(1000) CHARACTER SET utf8mb4 COLLATE utf8mb4_unicode_ci DEFAULT NULL,
  `foo_barcode` varchar(250) CHARACTER SET utf8mb4 COLLATE utf8mb4_unicode_ci DEFAULT NULL
) ENGINE=InnoDB DEFAULT CHARSET=utf8 COLLATE=utf8_bin;

--
-- Dumping data for table `food`
--

INSERT INTO `food` (`foo_id`, `cat_id`, `foo_name`, `foo_name_en`, `foo_regdate`, `foo_image`, `foo_thumbnail`, `foo_price`, `foo_offer`, `foo_info`, `foo_info_en`, `foo_barcode`) VALUES
(16, 15, 'نيتبا', 'زيايا', '2021-05-04 15:35:11', 'زيوية', '', 98679, 9499, 'ويوو', 'زيو', ''),
(17, 15, 'نيتبا', 'زيايا', '2021-05-04 15:36:14', 'زيوية', '', 98679, 9499, 'ويوو', 'زيو', ''),
(18, 15, 'نبتتي', 'ننيو', '2021-05-04 15:36:43', 'لايوجد باركود', '', 9949, 959, 'زيةو', 'زي. ي', ''),
(19, 15, 'نبتتي', 'ننيو', '2021-05-04 15:38:32', '', '', 9949, 959, 'زيةو', 'زي. ي', 'لايوجد باركود'),
(20, 15, 'نبتتي', 'ننيو', '2021-05-04 15:38:47', '', '', 9949, 959, 'زيةو', 'زي. ي', 'تتتت'),
(21, 15, 'نبتتي', 'ننيو', '2021-05-04 15:40:32', '', '', 9949, 959, 'زيةو', 'زي. ي', 'لايوجد باركود');

-- --------------------------------------------------------

--
-- Table structure for table `history`
--

CREATE TABLE `history` (
  `his_id` int(11) NOT NULL,
  `id_use` int(11) DEFAULT NULL,
  `his_regdate` datetime DEFAULT NULL,
  `his_note` varchar(1000) CHARACTER SET utf8mb4 COLLATE utf8mb4_unicode_ci DEFAULT NULL,
  `his_type` varchar(1000) CHARACTER SET utf8mb4 COLLATE utf8mb4_unicode_ci DEFAULT NULL
) ENGINE=InnoDB DEFAULT CHARSET=utf8 COLLATE=utf8_bin;

--
-- Dumping data for table `history`
--

INSERT INTO `history` (`his_id`, `id_use`, `his_regdate`, `his_note`, `his_type`) VALUES
(1, 27, '2021-05-21 13:00:35', 'اضافة خخخخخخ', 'اضافة'),
(2, 27, '2021-05-21 13:01:30', 'اضافة ححححح', 'اضافة'),
(3, 27, '2021-05-21 13:15:56', 'اضافة ططططططط', 'اضافة نوع محلات  '),
(4, 27, '2021-05-21 13:16:15', 'اضافة تتتاتب', 'اضافة'),
(5, 27, '2021-05-21 13:16:59', 'اضافة مول سما مول', 'اضافة'),
(11, 27, '2021-05-21 13:23:30', 'اضافة صلتحية الى المستخدم    32', 'اضافة'),
(14, 27, '2021-05-22 00:45:03', 'اضافة عععععع', 'اضافة نوع محلات  '),
(15, 27, '2021-05-22 00:46:46', 'اضافة خخخخ', 'اضافة نوع محلات  '),
(16, 27, '2021-05-22 00:47:43', 'اضافة ججججج', 'اضافة نوع محلات  '),
(17, 27, '2021-05-22 00:48:27', 'اضافة ووووو', 'اضافة نوع محلات  '),
(18, 27, '2021-05-22 00:49:08', 'اضافة ككككك', 'اضافة نوع محلات  '),
(19, 27, '2021-05-22 00:49:36', 'اضافة ياتينيزيز', 'اضافة شارع'),
(20, 27, '2021-05-22 00:51:27', 'اضافة مول ورتبتعب', 'اضافة'),
(21, 27, '2021-05-22 00:52:23', 'اضافة نبتبتبع', ' اضافة مول'),
(22, 27, '2021-05-22 01:07:00', 'اضافة تياؤةيةاغي', ' اضافة مستخدم'),
(23, 27, '2021-05-22 01:42:46', 'اضافة تيتياا', ' اضافة محل'),
(24, 27, '2021-05-22 01:43:20', 'اضافة ', ' اضافة محل'),
(25, 27, '2021-05-22 01:44:30', 'اضافة نينيتثتت', ' اضافة محل'),
(26, 27, '2021-05-22 01:48:13', 'اضافة ططططططططط', ' اضافة محل'),
(27, 27, '2021-05-22 09:31:39', 'اضافة hhhhhhhhh داخل مول   6', ' اضافة محل'),
(28, 27, '2021-05-22 09:40:27', 'اضافة الأمير داخل مول   7', ' اضافة محل'),
(29, 27, '2021-05-22 09:45:00', 'اضافة الأمير2 داخل مول   7', ' اضافة محل'),
(30, 27, '2021-05-22 09:46:39', 'اضافة الأمي22 داخل مول   7', ' اضافة محل'),
(31, 27, '2021-05-22 09:46:47', 'اضافة الأمي322 داخل مول   7', ' اضافة محل'),
(32, 27, '2021-05-22 09:52:53', 'اضافة ععععع داخل مول   سما مول', ' اضافة محل'),
(33, 27, '2021-05-22 10:03:09', 'تعديل تيتيووتر  الى   كككككك', ' تعديل محل'),
(34, 27, '2021-05-22 10:03:53', 'تعديل كككككك  الى   تتتتتتت', ' تعديل محل'),
(35, 27, '2021-05-22 10:05:17', 'تعديل تتتتتتت  الى   جججججج', ' تعديل محل'),
(36, 27, '2021-05-22 10:07:07', 'تعديل جججججج  الى   تالىى', ' تعديل محل'),
(37, 27, '2021-05-22 10:14:04', 'تعديل تالىى  الى   خخخخخخخ', ' تعديل محل'),
(38, 27, '2021-05-22 10:15:00', 'اضافة نتتتتت', ' اضافة محل'),
(39, 27, '2021-05-22 10:19:11', 'اضافة حككككككك', ' اضافة محل'),
(40, 27, '2021-05-22 14:12:05', 'اضافة بيسبللل', ' اضافة محل'),
(41, 27, '2021-05-22 14:12:26', 'اضافة بيسبللل', ' اضافة محل'),
(42, 27, '2021-05-22 14:13:32', 'اضافة بيسبللل', ' اضافة محل'),
(43, 27, '2021-05-22 14:17:29', 'اضافة بيسبللل', ' اضافة محل'),
(44, 27, '2021-05-22 14:18:45', 'اضافة غيتيتت', ' اضافة مول'),
(45, 27, '2021-05-22 14:21:39', 'اضافة ايتيننن', ' اضافة مول'),
(46, 27, '2021-05-22 14:25:45', 'اضافة قتيتيتت', ' اضافة محل'),
(47, 27, '2021-05-22 14:27:56', 'اضافة عرترتبتؤت', ' اضافة محل'),
(48, 31, '2021-05-22 14:39:39', 'اضافة شارع نصر العمراني', 'اضافة شارع'),
(49, 31, '2021-05-22 14:44:53', 'اضافة ن', 'اضافة شارع'),
(50, 31, '2021-05-22 14:46:29', 'اضافة ن', 'اضافة نوع محلات  '),
(51, 31, '2021-05-22 14:46:47', 'تعديل ', ' تعديل شارع'),
(52, 31, '2021-05-22 14:48:48', 'تعديل من   حححححالى  شارع البردوني', ' تعديل شارع'),
(53, 31, '2021-05-22 14:49:17', 'تعديل من   تتتاتبالى  اب', ' تعديل مدينة'),
(54, 31, '2021-05-22 15:15:03', 'تعديل من   ياتينيزيزالى  شارع الجزائر', ' تعديل شارع'),
(55, 31, '2021-05-22 15:26:29', 'اضافة باريس غاليري داخل مول   المركز الليبي', ' اضافة محل'),
(56, 31, '2021-05-22 15:34:56', 'تعديل من   طططططططالى  مغسلة قات', ' تعديل نوع محل'),
(57, 31, '2021-05-22 15:35:36', 'تعديل من   ععععععالى  مغسلة ملابس', ' تعديل نوع محل'),
(58, 31, '2021-05-22 15:36:10', 'تعديل من   جججججالى  مغسلة سيارات', ' تعديل نوع محل'),
(59, 31, '2021-05-22 15:36:35', 'تعديل من   تبتتيالى  التحف والهدايا', ' تعديل نوع محل'),
(60, 31, '2021-05-22 15:37:21', 'تعديل من   خخخخالى  قطع غيار السيارات', ' تعديل نوع محل'),
(61, 31, '2021-05-22 15:37:46', 'تعديل من   كككككالى  قطع غيار الدراجات النارية', ' تعديل نوع محل'),
(62, 31, '2021-05-22 15:39:05', 'تعديل من   وووووالى  قطع غيار الشاحنات والمعدات  الثقيلة', ' تعديل نوع محل'),
(63, 27, '2021-05-22 15:40:51', 'تم التغيير من    نشطالى  غير نشط', 'تنشيط/حضر محل'),
(64, 27, '2021-05-22 15:42:44', 'تم التغيير الصالح للشرب  من  غير نشط  الى  نشط', 'تنشيط/حضر محل'),
(65, 27, '2021-05-22 16:03:32', 'تم التغيير الصالح للشرب  من  نشط  الى  غير نشط', 'تنشيط/حضر محل'),
(66, 27, '2021-05-22 16:04:12', 'تم التغيير galaxy s3  من  نشط  الى  غير نشط', 'تنشيط/حضر محل'),
(67, 31, '2021-05-22 16:14:23', 'اضافة . داخل مول   سام مول', ' اضافة محل'),
(68, 27, '2021-05-22 16:16:45', 'تم التغيير test  من   نشط  الى  غير نشط', 'تنشيط/حضر مواطن'),
(69, 31, '2021-05-22 16:18:29', 'اضافة اكرم المخلافي ', ' اضافة محل'),
(70, 27, '2021-05-22 17:00:19', 'اضافة علي باب', ' اضافة محل'),
(71, 27, '2021-05-22 17:01:21', 'اضافة علي بابللا', ' اضافة محل'),
(72, 27, '2021-05-22 17:02:47', 'اضافة غغغغغغغغف داخل مول   المركز الليبي', ' اضافة محل'),
(73, 27, '2021-05-22 17:04:17', 'اضافة غغغغغغغغغ داخل مول   المركز الليبي', ' اضافة محل'),
(74, 31, '2021-05-22 17:13:30', 'اضافة على كيفك داخل مول   ملاك مول', ' اضافة محل'),
(75, 27, '2021-05-22 17:16:41', 'اضافة كنج مول', ' اضافة مول'),
(76, 27, '2021-05-22 17:17:45', 'اضافة ثعينتيتي داخل مول   كنج مول', ' اضافة محل'),
(77, 31, '2021-05-22 20:14:28', 'تعديل من   نالى  شارع الرباط', ' تعديل شارع'),
(78, 31, '2021-05-22 20:21:00', 'اضافة جينزانو داخل مول   المركز الليبي', ' اضافة محل'),
(79, 31, '2021-05-24 08:26:41', 'اضافة الوتاري للشيش', ' اضافة محل'),
(80, 31, '2021-05-24 08:27:38', 'تم التغيير الوتاري للشيش  من  غير نشط  الى  نشط', 'تنشيط/حضر محل'),
(81, 31, '2021-05-24 08:35:41', 'اضافة شارع تونس', 'اضافة شارع'),
(82, 31, '2021-05-24 08:36:56', 'اضافة تونس مول', ' اضافة مول'),
(83, 31, '2021-05-24 08:56:35', 'اضافة ملللبسشيطططكلسسيمكنابيسسسسةندططكاييسى', ' اضافة محل'),
(84, 31, '2021-05-24 10:01:07', 'اضافة العسل', 'اضافة نوع محلات  '),
(85, 31, '2021-05-24 10:01:34', 'اضافة المطاعم', 'اضافة نوع محلات  '),
(86, 31, '2021-05-24 10:02:02', 'اضافة الكفتيريا', 'اضافة نوع محلات  '),
(87, 31, '2021-05-24 10:02:18', 'تم التغيير test2  من   نشط  الى  غير نشط', 'تنشيط/حضر مواطن'),
(88, 31, '2021-05-24 10:03:10', 'تم التغيير test2  من  غير نشط  الى  نشط', 'تنشيط/حضر مواطن'),
(89, 31, '2021-05-24 12:47:52', 'تعديل من   ادوات تجميلالى  ادوات تجميل', ' تعديل نوع محل'),
(90, 31, '2021-05-25 08:36:35', 'اضافة ااااا', 'اضافة نوع محلات  '),
(91, 31, '2021-05-25 14:07:35', 'تعديل اكرم المخلافي   الى   اكرم المخلافي ', ' تعديل محل'),
(92, 31, '2021-05-25 14:09:57', 'تعديل من   الذهب والمجوهراتالى  الذهب والمجوهرات', ' تعديل نوع محل'),
(93, 31, '2021-05-25 14:10:31', 'تعديل من   التحف والهداياالى  التحف والهدايا', ' تعديل نوع محل'),
(94, 31, '2021-05-25 14:11:30', 'تعديل من   الاقمشةالى  الاقمشة', ' تعديل نوع محل'),
(95, 31, '2021-05-25 14:27:00', 'تعديل من   ادوات تجميلالى  ادوات تجميل', ' تعديل نوع محل'),
(96, 31, '2021-05-25 14:27:32', 'تعديل من   الاجهزه الكهربائيهالى  الاجهزه الكهربائيه', ' تعديل نوع محل'),
(97, 31, '2021-05-25 14:27:59', 'تعديل من   الادوات المنزليهالى  الادوات المنزليه', ' تعديل نوع محل'),
(98, 31, '2021-05-25 14:28:22', 'تعديل من   الاكسسواراتالى  الاكسسوارات', ' تعديل نوع محل'),
(99, 31, '2021-05-25 14:28:42', 'تعديل من   التجميلالى  التجميل', ' تعديل نوع محل'),
(100, 31, '2021-05-25 14:34:02', 'تعديل ملللبسشيطططكلسسيمكنابيسسسسةندططكاييسى  الى   الحاشدي ', ' تعديل محل'),
(101, 31, '2021-05-25 14:34:22', 'تم التغيير الحاشدي   من  غير نشط  الى  نشط', 'تنشيط/حضر محل'),
(102, 31, '2021-05-25 14:45:51', 'اضافة طيبه', ' اضافة محل'),
(103, 31, '2021-05-25 14:47:03', 'اضافة بن عطاف', ' اضافة محل'),
(104, 31, '2021-05-25 14:47:55', 'اضافة قلب الرياض', ' اضافة محل'),
(105, 31, '2021-05-25 14:48:57', 'اضافة العالمي', ' اضافة محل'),
(106, 31, '2021-05-25 14:49:12', 'تم التغيير طيبه  من  غير نشط  الى  نشط', 'تنشيط/حضر محل'),
(107, 31, '2021-05-25 14:49:17', 'تم التغيير بن عطاف  من  غير نشط  الى  نشط', 'تنشيط/حضر محل'),
(108, 31, '2021-05-25 14:49:22', 'تم التغيير قلب الرياض  من  غير نشط  الى  نشط', 'تنشيط/حضر محل'),
(109, 31, '2021-05-25 14:49:26', 'تم التغيير العالمي  من  غير نشط  الى  نشط', 'تنشيط/حضر محل'),
(110, 31, '2021-05-25 15:33:14', 'تعديل اكرم المخلافي   الى   زمام للذهب والمجوهرات', ' تعديل محل'),
(111, 27, '2021-05-29 14:45:42', 'تعديل ', ' تعديل صلاحية'),
(112, 27, '2021-06-01 12:15:30', 'حدف علي بابللا', 'حدف محل'),
(113, 27, '2021-06-01 12:27:17', 'حدف صيدلية الأمير', 'حدف محل'),
(114, 27, '2021-06-01 12:30:43', 'اضافة خخخخخخخ', ' اضافة محل'),
(115, 27, '2021-06-01 12:34:32', 'اضافة خخخخخخخخ', ' اضافة محل'),
(116, 27, '2021-06-01 12:39:03', 'حدف خخخخخخخخ', 'حدف محل'),
(117, 27, '2021-06-01 12:53:10', 'حدف تياؤةيةاغي', 'حدف مستخدم'),
(118, 27, '2021-06-01 14:40:25', 'تعديل من  شواحح3 الى   شواححةىى3   داخل المحل   25', 'تعديل قسم بضاعة'),
(119, 27, '2021-06-01 14:45:29', 'تعديل ', ' تعديل صلاحية'),
(120, 27, '2021-06-01 14:51:46', '  تعديل   27', ' تعديل صلاحية'),
(121, 27, '2021-06-01 14:52:10', '  تعديل   31', ' تعديل صلاحية'),
(122, 27, '2021-06-01 15:08:45', 'حدف من المحل رقم   25', 'حدف محل'),
(123, 27, '2021-06-01 15:24:00', 'تعديل من  طططططههه  الى ططططتعديل من المحل رقم   25', 'تعديل منتج'),
(124, 27, '2021-06-01 15:28:42', 'تم التغيير نصر  من  غير نشط  الى  غير نشط', 'تنشيط/حضر مستخدم'),
(125, 27, '2021-06-01 15:29:48', 'تم التغيير نصر  من   نشط  الى  نشط', 'تنشيط/حضر مستخدم'),
(126, 27, '2021-06-01 15:31:07', 'تم التغيير نصر  من   نشط  الى  غير نشط', 'تنشيط/حضر مستخدم'),
(127, 27, '2021-06-01 15:31:32', 'تم التغيير نصر  من  غير نشط  الى  نشط', 'تنشيط/حضر مستخدم'),
(128, 27, '2021-06-01 15:46:31', 'تعديل صيدلية التكامل  الى   صيدلية التكامل', ' تعديل محل'),
(129, 27, '2021-06-02 14:07:42', 'تم حذف التعليق   16   لم يتم العثورعلى    لصاحبة  16   لم يتم العثورعلى     لم يتم العثورعلى    وتم تعليقة بتاريخ  16   لم يتم العثورعلى  ', 'حذف تعليق مخالف للشؤوط'),
(130, 27, '2021-06-02 14:09:08', 'تم حذف التعليق   تتاتت  لصاحبة  فوفو  وتم تعليقة بتاريخ  2021-06-02 13:25:02', 'حذف تعليق مخالف للشؤوط'),
(131, 27, '2021-06-04 12:28:13', 'تم حذف التعليق   حتى اني اشتي اعلق  لصاحبة  فوفو  وتم تعليقة بتاريخ  2021-05-26 04:34:47', 'حذف تعليق مخالف للشؤوط'),
(132, 27, '2021-06-04 12:39:31', 'تم حذف التعليق   2   لم يتم العثورعلى    لصاحبة  2   لم يتم العثورعلى     لم يتم العثورعلى    وتم تعليقة بتاريخ  2   لم يتم العثورعلى  ', 'حذف تعليق مخالف للشؤوط'),
(133, 27, '2021-06-08 06:59:27', 'المستخدم رقمرر   27  سجل خروجة بتاريخ  2021-06-08 16:59:25.892913', 'تسجيل خروج مستخدم'),
(134, 27, '2021-06-08 07:00:16', 'المستخدم   امجد القحطاني  سجل دخولة بتاريخ  2021-06-08 17:00:14.494782', 'تسجيل دخول مستخدم'),
(135, 27, '2021-06-08 07:05:46', 'المستخدم رقمرر   27  سجل خروجة بتاريخ  2021-06-08 17:05:44.778049', 'تسجيل خروج مستخدم'),
(136, 27, '2021-06-08 07:08:44', 'المستخدم   امجد القحطاني  سجل دخولة بتاريخ  2021-06-08 17:08:42.453093', 'تسجيل دخول مستخدم'),
(137, 27, '2021-06-08 07:39:28', 'المستخدم رقمرر   27  سجل خروجة بتاريخ  17:39:25', 'تسجيل خروج مستخدم'),
(138, 27, '2021-06-08 07:45:24', 'المستخدم   امجد القحطانيسجل دخولة بتاريخ 2021-06-08 17:45:22.276419  الساعة  17:45:22', 'تسجيل دخول مستخدم'),
(139, 27, '2021-06-08 07:48:16', '  المستخدم رقم     27سجل خروجة بتاريخ 2021-06-08 17:48:14.668042  الساعة  17:48:14', 'تسجيل خروج مستخدم'),
(140, 27, '2021-06-08 08:04:10', 'المستخدم   امجد القحطاني  سجل دخولة بتاريخ  2021-06-08 18:04:08.811637  الساعة  18:4:8', 'تسجيل دخول مستخدم'),
(141, 27, '2021-06-08 08:04:17', '  المستخدم رقم     27  سجل خروجة بتاريخ 2021-06-08 18:04:15.386356  الساعة  18:4:15', 'تسجيل خروج مستخدم'),
(142, 27, '2021-06-08 08:05:02', 'المستخدم   امجد القحطاني  سجل دخولة بتاريخ  2021-06-08 18:05:00.221385  الساعة  18:5:0', 'تسجيل دخول مستخدم'),
(143, 27, '2021-06-08 08:21:14', '  المستخدم رقم     27  سجل خروجة بتاريخ 2021-06-08 18:21:12.752937  الساعة  18:21:12', 'تسجيل خروج مستخدم'),
(144, 27, '2021-06-08 14:53:25', 'تعديل من  طططط  الى ططططتعديل من المحل رقم   25', 'تعديل منتج'),
(145, 27, '2021-06-08 15:36:33', 'اضافةجوالات جديده   داخل المحل   27', 'اضافة قسم بضاعة'),
(146, 27, '2021-06-10 16:38:44', 'المستخدم   امجد القحطاني  سجل دخولة بتاريخ  2021-06-10 16:38:43.462937  الساعة  16:38:43', 'تسجيل دخول مستخدم'),
(147, 27, '2021-06-10 16:42:09', '  المستخدم رقم     27  سجل خروجة بتاريخ 2021-06-10 16:42:08.695084  الساعة  16:42:8', 'تسجيل خروج مستخدم'),
(148, 27, '2021-06-10 16:46:41', 'المستخدم   امجد القحطاني  سجل دخولة بتاريخ  2021-06-10 16:46:41.364958  الساعة  16:46:41', 'تسجيل دخول مستخدم'),
(149, 27, '2021-06-10 16:50:04', '  المستخدم رقم     27  سجل خروجة بتاريخ 2021-06-10 16:50:03.540974  الساعة  16:50:3', 'تسجيل خروج مستخدم'),
(150, 27, '2021-06-12 16:38:18', 'اضافةجينزات    داخل محل من نوع   54', 'اضافة قسم بضاعة'),
(151, 27, '2021-06-12 16:41:45', 'اضافةهاردات    داخل محل من نوع   23', 'اضافة قسم بضاعة'),
(152, 27, '2021-06-12 16:49:26', 'اضافة المجد للتكنولوجيا', ' اضافة محل'),
(153, 27, '2021-06-12 16:50:09', 'تم التغيير المجد للتكنولوجيا  من  غير نشط  الى  نشط', 'تنشيط/حضر محل'),
(154, 27, '2021-06-12 17:09:49', 'اضافةلابتوبات    داخل محل من نوع   23', 'اضافة قسم بضاعة'),
(155, 27, '2021-06-12 17:22:16', 'حدف من المحل رقم   75', 'حدف منتج'),
(156, 27, '2021-06-12 17:22:23', 'حدف من المحل رقم   75', 'حدف منتج'),
(157, 27, '2021-06-17 11:42:17', 'اضافة باريس للعطور', ' اضافة محل'),
(158, 27, '2021-06-17 11:42:48', 'تم التغيير باريس للعطور  من  غير نشط  الى  نشط', 'تنشيط/حضر محل'),
(159, 27, '2021-06-17 11:52:39', 'اضافةعطر الياسمين    داخل محل من نوع   41', 'اضافة قسم بضاعة'),
(160, 27, '2021-06-17 11:56:38', 'اضافةزباد    داخل محل من نوع   41', 'اضافة قسم بضاعة'),
(161, 27, '2021-06-17 14:10:33', 'اضافة الامير', ' اضافة محل'),
(162, 27, '2021-06-17 14:11:09', 'تم التغيير الامير  من  غير نشط  الى  نشط', 'تنشيط/حضر محل'),
(163, 27, '2021-06-17 14:49:01', 'تعديل من  عطر الفارس  الى عطر الفارستعديل من المحل رقم   76', 'تعديل منتج'),
(164, 27, '2021-06-17 14:51:17', 'تعديل من  عطر الأمير 2  الى عطر الأمير 2تعديل من المحل رقم   77', 'تعديل منتج'),
(165, 27, '2021-06-17 18:44:50', 'تم التغيير عطر الأمير 1  من  نشط  الى  نشط', 'اضافة منتج الى الاقتراحات'),
(166, 27, '2021-07-05 06:45:04', 'تم التغيير المجد للتكنولوجيا  من  نشط  الى  غير نشط', 'تنشيط/حضر محل'),
(167, 27, '2021-07-05 06:47:10', '  تعديل صلاحية المستخدم    27', ' تعديل صلاحية'),
(168, 27, '2021-07-05 06:47:52', '  تعديل صلاحية المستخدم    27', ' تعديل صلاحية'),
(169, 27, '2021-07-27 08:57:49', 'تم التغيير المجد للتكنولوجيا  من  غير نشط  الى  نشط', 'تنشيط/حضر محل'),
(170, 27, '2021-07-27 08:59:37', 'اضافةكيبوردات     داخل محل من نوع   23', 'اضافة قسم بضاعة'),
(171, 27, '2021-07-27 09:01:05', 'اضافةلبان العصفور    داخل محل من نوع   41', 'اضافة قسم بضاعة'),
(172, 27, '2021-07-27 09:01:40', 'اضافة سمكرة', 'اضافة نوع محلات  '),
(173, 27, '2021-08-05 15:23:46', 'المستخدم   امجد القحطاني  سجل دخولة بتاريخ  2021-08-05 18:23:45.167839  الساعة  18:23:45', 'تسجيل دخول مستخدم'),
(174, 27, '2021-08-05 15:48:11', 'تعديل باريس للعطور  الى   باريس للعطور', ' تعديل محل'),
(175, 27, '2021-08-05 15:48:30', 'تعديل المجد للتكنولوجيا  الى   المجد للتكنولوجيا', ' تعديل محل'),
(176, 27, '2021-08-05 15:49:01', 'تعديل الامير  الى   الامير', ' تعديل محل'),
(177, 27, '2021-08-05 15:49:24', 'تعديل من  عطر الفارس  الى عطر الفارستعديل من المحل رقم   76', 'تعديل منتج'),
(178, 27, '2021-08-05 15:49:43', 'تعديل من  عطر المجد  الى عطر المجدتعديل من المحل رقم   76', 'تعديل منتج'),
(179, 27, '2021-08-05 15:50:07', 'تعديل من  عطططططرررر ضخم  الى عطططططرررر ضخمتعديل من المحل رقم   76', 'تعديل منتج'),
(180, 27, '2021-08-05 15:50:24', 'تعديل من  زباد الملكه  الى زباد الملكهتعديل من المحل رقم   76', 'تعديل منتج'),
(181, 27, '2021-08-05 15:50:38', 'تعديل من  عطر الأمير 1  الى عطر الأمير 1تعديل من المحل رقم   77', 'تعديل منتج'),
(182, 27, '2021-08-05 15:50:51', 'تعديل من  عطر الأمير 2  الى عطر الأمير 2تعديل من المحل رقم   77', 'تعديل منتج'),
(183, 27, '2021-08-05 15:51:05', 'تعديل من  عطر الأمير 3  الى عطر الأمير 3تعديل من المحل رقم   77', 'تعديل منتج'),
(184, 27, '2021-08-05 15:51:27', 'تعديل من  هارد ‏ssd  الى هارد ‏ssdتعديل من المحل رقم   75', 'تعديل منتج'),
(185, 27, '2021-08-05 15:51:36', 'تعديل من  لابتوب توشيبا  الى لابتوب توشيباتعديل من المحل رقم   75', 'تعديل منتج'),
(186, 27, '2021-08-05 15:51:45', 'تعديل من  لابتوب توشيبا  الى لابتوب توشيباتعديل من المحل رقم   75', 'تعديل منتج'),
(187, 31, '2021-08-05 15:59:00', '  المستخدم رقم     31  سجل خروجة بتاريخ 2021-08-05 18:58:59.895138  الساعة  18:58:59', 'تسجيل خروج مستخدم'),
(188, 31, '2021-08-05 16:01:05', 'المستخدم   نصر  سجل دخولة بتاريخ  2021-08-05 19:01:05.347351  الساعة  19:1:5', 'تسجيل دخول مستخدم'),
(189, 27, '2021-08-05 16:02:17', 'المستخدم   امجد القحطاني  سجل دخولة بتاريخ  2021-08-05 19:02:15.589941  الساعة  19:2:15', 'تسجيل دخول مستخدم'),
(190, 27, '2021-08-05 16:03:15', '  تعديل صلاحية المستخدم    31', ' تعديل صلاحية'),
(191, 31, '2021-08-05 16:08:09', 'اضافة نصر عمراني', 'اضافة نوع محلات  '),
(192, 31, '2021-08-05 16:17:01', 'اضافة نصر العمراني', ' اضافة محل'),
(193, 27, '2021-08-05 16:19:55', 'المستخدم   امجد القحطاني  سجل دخولة بتاريخ  2021-08-05 19:19:54.113154  الساعة  19:19:54', 'تسجيل دخول مستخدم'),
(194, 27, '2021-08-05 16:20:31', '  تعديل صلاحية المستخدم    31', ' تعديل صلاحية'),
(195, 31, '2021-08-08 04:50:51', 'حدف الامير', 'حدف محل'),
(196, 31, '2021-08-08 04:50:59', 'حدف باريس للعطور', 'حدف محل'),
(197, 27, '2021-08-09 19:36:40', '  تعديل صلاحية المستخدم    31', ' تعديل صلاحية'),
(198, 27, '2021-08-21 19:48:47', 'اضافة عبدالرحمن اليمني التجارة السيارات', ' اضافة محل'),
(199, 27, '2021-08-21 19:50:59', 'تم التغيير عبدالرحمن اليمني التجارة السيارات  من  غير نشط  الى  نشط', 'تنشيط/حضر محل'),
(200, 27, '2021-08-21 19:55:21', 'اضافةيد سكان    داخل محل من نوع   62', 'اضافة قسم بضاعة'),
(201, 27, '2021-09-23 17:02:09', 'المستخدم   امجد القحطاني  سجل دخولة بتاريخ  2021-09-23 20:02:08.956663  الساعة  20:2:8', 'تسجيل دخول مستخدم'),
(202, 2, '2021-09-25 16:02:06', 'اضافة محل تجريبي', ' اضافة محل'),
(203, 27, '2021-09-25 16:36:25', 'اضافة تعز', 'اضافة مدينة'),
(204, 27, '2021-09-25 16:36:43', 'اضافة تجريبي', 'اضافة شارع'),
(205, 2, '2021-09-25 17:03:51', 'اضافة ةؤوؤتتتياب', ' اضافة محل'),
(206, 27, '2021-09-25 19:35:56', 'تم التغيير تثتتيايغسغ  من  غير نشط  الى  نشط', 'تنشيط/حضر محل'),
(207, 27, '2021-09-25 19:36:25', 'تم التغيير تتؤتيتيت  من  غير نشط  الى  نشط', 'تنشيط/حضر محل'),
(208, 27, '2021-09-27 15:08:38', 'تم التغيير تثتتيايغسغ  من  نشط  الى  غير نشط', 'تنشيط/حضر محل'),
(209, 27, '2021-09-27 15:08:50', 'تم التغيير تثتتيايغسغ  من  غير نشط  الى  نشط', 'تنشيط/حضر محل'),
(210, 27, '2021-09-27 16:55:05', 'تعديل تثتتيايغسغ  الى   تثتتيايغسغ', ' تعديل محل'),
(211, 27, '2021-09-27 17:38:07', 'حدف تتؤتيتيت', 'حدف محل'),
(212, 27, '2021-09-27 17:38:16', 'حدف متجر تجريبي', 'حدف محل'),
(213, 27, '2021-09-27 17:50:09', 'تم التغيير محل تجريبي  من  غير نشط  الى  نشط', 'تنشيط/حضر محل'),
(214, 27, '2021-09-27 18:52:49', 'تعديل محل تجريبي  الى   محل تجريبي', ' تعديل محل'),
(215, 27, '2021-09-30 19:20:48', 'تم التغيير تتؤنؤهي  من  نشط  الى  غير نشط', 'تنشيط/حضر منتج'),
(216, 27, '2021-09-30 19:29:03', 'تم التغيير تتؤنؤهي  من  غير نشط  الى  نشط', 'اضافة منتج الى الاقتراحات'),
(217, 27, '2021-09-30 19:35:02', 'تم التغيير تتؤنؤهي  من  غير نشط  الى  غير نشط', 'تنشيط/حضر منتج'),
(218, 27, '2021-09-30 20:35:34', 'تم التغيير محل تجريبي  من  نشط  الى  نشط', 'تنشيط/حضر محل'),
(219, 27, '2021-09-30 20:35:38', 'تم التغيير محل تجريبي  من  نشط  الى  غير نشط', 'تنشيط/حضر محل'),
(220, 27, '2021-09-30 20:36:23', 'تم التغيير محل تجريبي  من  غير نشط  الى  نشط', 'تنشيط/حضر محل'),
(221, 27, '2021-10-13 22:08:27', 'المستخدم   امجد القحطاني  سجل دخولة بتاريخ  2021-10-14 01:08:25.388328  الساعة  1:8:25', 'تسجيل دخول مستخدم'),
(222, 27, '2021-10-14 17:07:40', '  تعديل صلاحية المستخدم    32', ' تعديل صلاحية'),
(223, 27, '2021-10-14 23:55:52', 'تم التغيير محل تجريبي  من  غير نشط  الى  نشط', 'تنشيط/حضر محل'),
(224, 27, '2021-11-23 22:21:19', 'اضافةسماعات    داخل محل من نوع   23', 'اضافة قسم بضاعة'),
(225, 27, '2021-11-23 22:22:22', 'اضافةسماعات    داخل محل من نوع   23', 'اضافة قسم بضاعة'),
(226, 27, '2021-11-24 20:37:02', 'اضافة محل تجريبي داخل تونس مول داخل مول   تونس مول', ' اضافة محل'),
(227, 27, '2022-01-15 15:15:36', 'تم التغيير المجد للتكنولوجيا  من  نشط  الى  غير نشط', 'تنشيط/حضر محل'),
(228, 27, '2022-01-15 15:15:53', 'تم التغيير المجد للتكنولوجيا  من  نشط  الى  غير نشط', 'تنشيط/حضر محل'),
(229, 27, '2022-01-15 15:16:25', 'تم التغيير المجد للتكنولوجيا  من  غير نشط  الى  نشط', 'تنشيط/حضر محل');

-- --------------------------------------------------------

--
-- Table structure for table `mall`
--

CREATE TABLE `mall` (
  `mal_id` int(11) NOT NULL,
  `mal_name` varchar(250) CHARACTER SET utf8mb4 COLLATE utf8mb4_unicode_ci NOT NULL,
  `cit_id` int(11) NOT NULL,
  `str_id` int(11) NOT NULL,
  `mal_not` varchar(1000) CHARACTER SET utf8mb4 COLLATE utf8mb4_unicode_ci DEFAULT NULL,
  `mal_image` varchar(250) COLLATE utf8mb4_bin DEFAULT NULL,
  `mal_thumbnail` varchar(250) COLLATE utf8mb4_bin DEFAULT NULL
) ENGINE=InnoDB DEFAULT CHARSET=utf8mb4 COLLATE=utf8mb4_bin;

--
-- Dumping data for table `mall`
--

INSERT INTO `mall` (`mal_id`, `mal_name`, `cit_id`, `str_id`, `mal_not`, `mal_image`, `mal_thumbnail`) VALUES
(6, 'يمن مول', 1, 37, 'جولة الرويشان', '', ''),
(7, 'سما مول', 1, 34, '  جولة الرويشان', '', ''),
(8, 'ملاك مول', 1, 39, 'جولة الرويشان', '', ''),
(9, 'مول العرب', 1, 37, 'جولة الرويشان', '', ''),
(10, 'سام مول', 1, 36, 'امام الحي السياسي ', '', ''),
(11, 'المركز الليبي', 1, 52, '...', '4a0994e5efc5ca6b66b570fe038e3eeb.jpg', '1bd6ce712e9776a8d5d47855a8d7041b.jpg'),
(12, 'كنج مول', 1, 38, 'جوار سوق القات  عشرين  ', '', ''),
(13, 'تونس مول', 1, 55, '⁦❤️⁩????????', '3e388fc47fb8955be81f51cba8217912.jpg', 'b52df8fe5fc13830d9ba820e05141249.jpg');

-- --------------------------------------------------------

--
-- Table structure for table `notification`
--

CREATE TABLE `notification` (
  `not_id` int(11) NOT NULL,
  `not_name` varchar(3000) CHARACTER SET utf8mb4 COLLATE utf8mb4_unicode_ci DEFAULT NULL,
  `isactive` tinyint(4) DEFAULT NULL
) ENGINE=InnoDB DEFAULT CHARSET=utf8mb4 COLLATE=utf8mb4_bin;

--
-- Dumping data for table `notification`
--

INSERT INTO `notification` (`not_id`, `not_name`, `isactive`) VALUES
(1, 'نعتذر لعملائنا الكرام لتأخر وصول الطلبات بسبب هطول الأمطار', 1);

-- --------------------------------------------------------

--
-- Table structure for table `product`
--

CREATE TABLE `product` (
  `pro_id` int(11) NOT NULL,
  `pro_name` varchar(250) CHARACTER SET utf8mb4 COLLATE utf8mb4_unicode_ci DEFAULT NULL,
  `pro_name_en` varchar(250) CHARACTER SET utf8mb4 COLLATE utf8mb4_unicode_ci DEFAULT NULL,
  `pro_offer` int(11) DEFAULT NULL,
  `pro_new_price` int(11) DEFAULT NULL,
  `pro_info` varchar(500) CHARACTER SET utf8mb4 COLLATE utf8mb4_unicode_ci DEFAULT NULL,
  `pro_regdate` datetime DEFAULT NULL,
  `pro_barcode` varchar(250) CHARACTER SET utf8mb4 COLLATE utf8mb4_unicode_ci DEFAULT NULL,
  `pro_state` varchar(200) COLLATE utf8_bin DEFAULT NULL,
  `pro_old_price` int(11) DEFAULT NULL,
  `pro_not` varchar(1000) CHARACTER SET utf8mb4 COLLATE utf8mb4_unicode_ci DEFAULT NULL,
  `pro_color` varchar(250) COLLATE utf8_bin DEFAULT NULL,
  `pro_size` varchar(250) COLLATE utf8_bin DEFAULT NULL,
  `cit_id` int(11) DEFAULT NULL,
  `str_id` int(11) DEFAULT NULL,
  `sho_id` int(11) DEFAULT NULL,
  `sec_id` int(11) DEFAULT NULL,
  `pro_image` varchar(250) COLLATE utf8_bin DEFAULT NULL,
  `pro_thumbnail` varchar(250) COLLATE utf8_bin DEFAULT NULL,
  `isactive` tinyint(4) NOT NULL DEFAULT 1,
  `issuggest` tinyint(4) DEFAULT 0,
  `cous_des_active` varchar(3000) CHARACTER SET utf8mb4 COLLATE utf8mb4_unicode_ci DEFAULT NULL
) ENGINE=InnoDB DEFAULT CHARSET=utf8 COLLATE=utf8_bin;

--
-- Dumping data for table `product`
--

INSERT INTO `product` (`pro_id`, `pro_name`, `pro_name_en`, `pro_offer`, `pro_new_price`, `pro_info`, `pro_regdate`, `pro_barcode`, `pro_state`, `pro_old_price`, `pro_not`, `pro_color`, `pro_size`, `cit_id`, `str_id`, `sho_id`, `sec_id`, `pro_image`, `pro_thumbnail`, `isactive`, `issuggest`, `cous_des_active`) VALUES
(42, 'هارد ‏ssd', 'لايوجد اسم en ', 0, 30, 'لايوجد معلومات', '2021-06-12 16:59:31', 'تتايلة', 'لايوجد حالة', 0, 'لايوجد ملاحضات', 'لايوجد لون', 'لايوجد مقاس ', 1, 39, 75, 17, '3850ac09a40ca5d29a7338b60974cd0c.jpg', 'e4583c8c0e1ba3a7e27dfcacee57cc2d.jpg', 1, 0, NULL),
(43, 'لابتوب توشيبا', 'لايوجد اسم en ', 20000, 50000, 'لايوجد معلومات', '2021-06-12 17:19:42', 'تتياوةي', 'مستخدم', 70000, 'لايوجد ملاحضات', 'لايوجد لون', 'لايوجد مقاس ', 1, 39, 75, 17, '9cb4322314ba0144f24cdec7008530b5.jpg', '1caf6aace486e91d456600409d37805d.jpg', 1, 0, NULL),
(46, 'لابتوب توشيبا', 'لايوجد اسم en ', 0, 300000, 'لايوجد معلومات', '2021-06-17 12:06:46', 'ةياتيمم', 'لايوجد حالة', 0, 'لايوجد ملاحضات', 'لايوجد لون', 'لايوجد مقاس ', 1, 39, 75, 18, 'fba434db5651600550e5519dbf519341.jpg', '27752a26ddeb0b8f169ebb7c278e3fd2.jpg', 1, 0, NULL),
(54, 'ىنرهبعيعص', 'يعيعيع', 45467, 75764, 'رهبيع', '2021-09-30 17:07:39', 'ثعيهيعي', 'حبهب', 6765, 'مرهي', 'نبنبمب', 'ينيهب', 1, 38, 78, 18, 'c99c54c4c77191a84cd950a82596a60a.jpg', 'c50bb66af4886849ad0d196733160751.jpg', 1, 0, NULL),
(55, 'منتج تجريبي', 'simple product ', 1000, 2000, 'بضاعة هندي درجه اولى ', '2021-09-30 19:14:28', 'لايوجد باركود', 'جديد', 3000, 'مضمون من اي خلل مصنعي او فني', 'احمر', 'متوسط M', 1, 38, 78, 18, 'b6f5393df8288cbbeb642bf06e46f88f.jpg', '173f55b45a11216ff202191c3b0b5294.jpg', 1, 1, 'عععععععععع');

-- --------------------------------------------------------

--
-- Table structure for table `rateingshope`
--

CREATE TABLE `rateingshope` (
  `rat_id` int(11) NOT NULL,
  `sho_id` int(11) DEFAULT NULL,
  `cus_id` int(11) DEFAULT NULL,
  `rat_regdate` datetime DEFAULT NULL,
  `rating` double DEFAULT NULL,
  `rat_name` varchar(600) COLLATE utf8_bin DEFAULT NULL
) ENGINE=InnoDB DEFAULT CHARSET=utf8 COLLATE=utf8_bin;

--
-- Dumping data for table `rateingshope`
--

INSERT INTO `rateingshope` (`rat_id`, `sho_id`, `cus_id`, `rat_regdate`, `rating`, `rat_name`) VALUES
(99, 75, 2, '2021-07-05 06:41:04', 5, ' '),
(100, 75, 2, '2021-07-05 06:41:04', 5, ' '),
(101, 75, 2, '2021-07-05 06:41:11', 5, ' '),
(102, 77, 2, '2021-07-27 08:49:35', 5, ' '),
(103, 77, 2, '2021-07-27 08:49:36', 5, ' '),
(104, 77, 2, '2021-07-27 08:49:37', 5, ' '),
(105, 77, 2, '2021-07-27 08:49:38', 5, ' '),
(106, 77, 2, '2021-07-27 08:49:39', 5, ' '),
(107, 79, 2, '2021-08-21 19:51:49', 1, ' '),
(108, 79, 2, '2021-08-21 19:51:53', 1, ' '),
(109, 75, 2, '2021-09-25 13:12:34', 1, ' '),
(113, 89, 2, '2021-10-03 15:25:35', 5, '6666666'),
(114, 99, 2, '2021-11-19 14:28:13', 3.5, ' ');

-- --------------------------------------------------------

--
-- Table structure for table `report`
--

CREATE TABLE `report` (
  `rep_id` int(11) NOT NULL,
  `rep_name` varchar(1000) CHARACTER SET utf8mb4 COLLATE utf8mb4_unicode_ci DEFAULT NULL,
  `rep_regdate` datetime DEFAULT NULL,
  `reptyp_id` int(11) DEFAULT NULL,
  `cus_id` int(11) DEFAULT NULL,
  `sho_id` int(11) DEFAULT NULL,
  `com_id` int(11) DEFAULT NULL
) ENGINE=InnoDB DEFAULT CHARSET=utf8 COLLATE=utf8_bin;

--
-- Dumping data for table `report`
--

INSERT INTO `report` (`rep_id`, `rep_name`, `rep_regdate`, `reptyp_id`, `cus_id`, `sho_id`, `com_id`) VALUES
(54, 'يتينبتبنييتي', '2021-11-24 22:50:23', 2, 4, 75, 0);

-- --------------------------------------------------------

--
-- Table structure for table `reporttype`
--

CREATE TABLE `reporttype` (
  `reptyp_id` int(11) NOT NULL,
  `reptyp_name` varchar(250) CHARACTER SET utf8mb4 COLLATE utf8mb4_unicode_ci DEFAULT NULL
) ENGINE=InnoDB DEFAULT CHARSET=utf8 COLLATE=utf8_bin;

--
-- Dumping data for table `reporttype`
--

INSERT INTO `reporttype` (`reptyp_id`, `reptyp_name`) VALUES
(1, 'ابلاغ عن تعليق'),
(2, 'ابلاغ عن محل');

-- --------------------------------------------------------

--
-- Table structure for table `shope`
--

CREATE TABLE `shope` (
  `sho_id` int(11) NOT NULL,
  `sho_name` varchar(250) CHARACTER SET utf8mb4 COLLATE utf8mb4_unicode_ci NOT NULL,
  `sho_address` varchar(250) CHARACTER SET utf8mb4 COLLATE utf8mb4_unicode_ci NOT NULL,
  `sho_email` varchar(250) CHARACTER SET utf8mb4 COLLATE utf8mb4_unicode_ci NOT NULL,
  `sho_not` varchar(1000) CHARACTER SET utf8mb4 COLLATE utf8mb4_unicode_ci NOT NULL,
  `typ_id` int(11) NOT NULL,
  `cit_id` int(11) NOT NULL,
  `str_id` int(11) NOT NULL,
  `sho_mobile` varchar(200) CHARACTER SET utf8mb4 COLLATE utf8mb4_unicode_ci NOT NULL,
  `sho_phone` varchar(250) CHARACTER SET utf8mb4 COLLATE utf8mb4_unicode_ci NOT NULL,
  `sho_thumbnail` varchar(250) CHARACTER SET utf8mb4 COLLATE utf8mb4_unicode_ci DEFAULT NULL,
  `sho_image` varchar(250) CHARACTER SET utf8mb4 COLLATE utf8mb4_unicode_ci DEFAULT NULL,
  `mal_id` int(11) DEFAULT NULL,
  `ismall` int(11) NOT NULL,
  `isactive` tinyint(4) NOT NULL DEFAULT 0,
  `cus_id` int(11) DEFAULT NULL,
  `ty_pacID` int(11) DEFAULT NULL,
  `isVerification` tinyint(4) NOT NULL DEFAULT 0
) ENGINE=InnoDB DEFAULT CHARSET=utf8mb4 COLLATE=utf8mb4_bin;

--
-- Dumping data for table `shope`
--

INSERT INTO `shope` (`sho_id`, `sho_name`, `sho_address`, `sho_email`, `sho_not`, `typ_id`, `cit_id`, `str_id`, `sho_mobile`, `sho_phone`, `sho_thumbnail`, `sho_image`, `mal_id`, `ismall`, `isactive`, `cus_id`, `ty_pacID`, `isVerification`) VALUES
(75, 'المجد للتكنولوجيا', 'صنعاء شارع هائل أمام كنج مول', 'amjd606070@gmail.com', 'زوروا تجدوا ما يسركم', 23, 1, 39, '777905259', 'لايوجد هاتف ارضي', 'c9bf2edc07a5dc98e75158346a6f324f.jpg', 'd518f1450d2035c1e6b906aaca770908.jpg', 0, 0, 1, 2, 5, 1),
(78, 'نصر العمراني', 'صنعاء ش 20', 'لايوجد بريد الكتروني', 'بيع جملة تجزئة', 23, 1, 38, '737322', 'لايوجد هاتف ارضي', '', '', 0, 0, 1, NULL, NULL, 1),
(79, 'عبدالرحمن اليمني التجارة السيارات', 'صنعاء شارع هائل', 'amjd606070hgh@gmail.com', 'قطع غيار هيونداي تويوتا', 62, 1, 39, '775255557', 'لايوجد هاتف ارضي', '3e8f6e3af6f2c461200849f56a739431.jpg', 'e09781cd2dcafd133884621c0030e755.jpg', 13, 1, 1, 3, 5, 0),
(103, 'الأمير للشعير', 'صنعاء شارع فلسطين ', 'alameer@gmail.com', 'لاجود انواع الشعير والمشروبات الطبيعية', 69, 1, 52, '1111111', '0', '0aab7e1988775c70a06843453e127247.jpg', '8dda1bc794e832f61222e43b526aed8f.jpg', 11, 1, 1, 5, 5, 0);

-- --------------------------------------------------------

--
-- Table structure for table `slider`
--

CREATE TABLE `slider` (
  `sli_id` int(11) NOT NULL,
  `sli_name` varchar(1000) CHARACTER SET utf8mb4 COLLATE utf8mb4_unicode_ci DEFAULT NULL,
  `sho_id` int(11) DEFAULT NULL,
  `sli_regdate` datetime DEFAULT NULL,
  `sli_image` varchar(500) CHARACTER SET utf8mb4 COLLATE utf8mb4_unicode_ci DEFAULT NULL,
  `sli_thumbnail` varchar(500) CHARACTER SET utf8mb4 COLLATE utf8mb4_unicode_ci DEFAULT NULL,
  `sli_des` varchar(3000) CHARACTER SET utf8mb4 COLLATE utf8mb4_unicode_ci DEFAULT NULL,
  `sli_mess` varchar(500) CHARACTER SET utf8mb4 COLLATE utf8mb4_unicode_ci DEFAULT NULL
) ENGINE=InnoDB DEFAULT CHARSET=utf8 COLLATE=utf8_bin;

--
-- Dumping data for table `slider`
--

INSERT INTO `slider` (`sli_id`, `sli_name`, `sho_id`, `sli_regdate`, `sli_image`, `sli_thumbnail`, `sli_des`, `sli_mess`) VALUES
(20, 'هنا الوصف الصغير', 0, '2021-05-25 14:04:29', 'cf3486d07cfa08788f42e5fa23cf98af.jpg', 'deaac54b8977b81245ef425641c6ff17.jpg', 'هنا الوصف الكبير', '0'),
(27, 'و وووووووو', 0, '2021-09-24 15:43:47', '589fd0813764620afe67713aab0fd9bc.jpg', '7bde10cd38469f89141ccd4ca756d575.jpg', 'وووووو٩', '0'),
(28, 'عععععع', 75, '2021-09-24 15:44:52', 'b9a23cb673b2aaed09b842b7a63b48b0.jpg', 'e32ef9bf5ee9ed21fd02b74994cfbca0.jpg', 'ععععع', '.تةت'),
(29, 'اعلان بدون محل', 0, '2021-11-23 20:58:57', '497b546dfe83210ec79b01494ca840f0.jpg', 'dcedfb0f97a8319172861b828f1957f9.jpg', 'الوصف الكبير', '0'),
(30, 'كنرمعؤميعمعيكعيكعيكهيكعيكعيمعسمعسمعيمعسمعسمغسمغسظسظغسمغءمسمسمغسمغسمغغسخغسهفشه', 0, '2021-11-23 21:50:40', 'f57f7441789421555e4b9e3a31f3951b.jpg', '79a290dff21a1b11898e556af2599490.jpg', 'كنرمعؤميعمعيكعيكعيكهيكعيكعيمعسمعسمعيمعسمعسمغسمغسظسظغسمغءمسمسمغسمغسمغغسخغسهفشه', '0');

-- --------------------------------------------------------

--
-- Table structure for table `socialURL`
--

CREATE TABLE `socialURL` (
  `su_id` int(11) NOT NULL,
  `su_whats` varchar(2000) CHARACTER SET utf8mb4 COLLATE utf8mb4_unicode_ci DEFAULT '0',
  `su_link` varchar(2000) CHARACTER SET utf8mb4 COLLATE utf8mb4_unicode_ci DEFAULT '0',
  `su_face` varchar(2000) CHARACTER SET utf8mb4 COLLATE utf8mb4_unicode_ci DEFAULT '0',
  `su_twa` varchar(2000) CHARACTER SET utf8mb4 COLLATE utf8mb4_unicode_ci DEFAULT '00',
  `su_telg` varchar(2000) CHARACTER SET utf8mb4 COLLATE utf8mb4_unicode_ci DEFAULT '0',
  `su_web` varchar(2000) CHARACTER SET utf8mb4 COLLATE utf8mb4_unicode_ci DEFAULT '0',
  `su_inst` varchar(2000) CHARACTER SET utf8mb4 COLLATE utf8mb4_unicode_ci DEFAULT '0',
  `sho_id` int(11) NOT NULL,
  `su_github` varchar(2000) CHARACTER SET utf8mb4 COLLATE utf8mb4_unicode_ci DEFAULT '0',
  `su_email` varchar(100) CHARACTER SET utf8mb4 COLLATE utf8mb4_unicode_ci DEFAULT '0',
  `su_phon` varchar(100) CHARACTER SET utf8mb4 COLLATE utf8mb4_unicode_ci DEFAULT '0',
  `su_phone2` varchar(100) CHARACTER SET utf8mb4 COLLATE utf8mb4_unicode_ci DEFAULT '0'
) ENGINE=InnoDB DEFAULT CHARSET=utf8 COLLATE=utf8_unicode_ci;

--
-- Dumping data for table `socialURL`
--

INSERT INTO `socialURL` (`su_id`, `su_whats`, `su_link`, `su_face`, `su_twa`, `su_telg`, `su_web`, `su_inst`, `sho_id`, `su_github`, `su_email`, `su_phon`, `su_phone2`) VALUES
(5, 'وات ساب ', '0', 'فيسبوك ', '0', 'جيت هوب', '0', 'انستا', 75, '0', '0', '0', '0');

-- --------------------------------------------------------

--
-- Table structure for table `street`
--

CREATE TABLE `street` (
  `str_id` int(11) NOT NULL,
  `str_name` varchar(250) COLLATE utf8_bin NOT NULL,
  `cit_id` int(11) NOT NULL
) ENGINE=InnoDB DEFAULT CHARSET=utf8 COLLATE=utf8_bin;

--
-- Dumping data for table `street`
--

INSERT INTO `street` (`str_id`, `str_name`, `cit_id`) VALUES
(32, 'شارع السبعين', 1),
(33, 'شارع الستين', 1),
(34, 'شارع الخمسين', 1),
(35, 'شارع الثلاثين ا', 1),
(36, 'شارع الدائري', 1),
(37, 'شارع حده', 1),
(38, 'شارع عشرين', 1),
(39, 'شارع هايل', 1),
(40, 'شارع جمال', 1),
(41, 'شارع صفر ', 1),
(42, 'شارع الرقاص', 1),
(43, 'شارع 16', 1),
(44, 'شارع الزراعه', 1),
(45, 'شارع تعز ', 1),
(46, 'شارع خولان', 1),
(47, 'شارع القيادة', 1),
(48, 'شارع 22 مايو', 1),
(49, 'شارع الزبيري', 1),
(50, 'شارع الشارع', 1),
(51, 'شارع البردوني', 1),
(52, 'شارع الجزائر', 1),
(53, 'شارع نصر العمراني', 1),
(54, 'شارع الرباط', 1),
(55, 'شارع تونس', 1),
(56, 'تجريبي', 170);

-- --------------------------------------------------------

--
-- Table structure for table `typeofsection`
--

CREATE TABLE `typeofsection` (
  `sec_id` int(11) NOT NULL,
  `sec_name` varchar(250) CHARACTER SET utf8mb4 COLLATE utf8mb4_unicode_ci NOT NULL,
  `sho_id` int(11) NOT NULL,
  `sec_regdate` datetime NOT NULL,
  `sec_thumbnail` varchar(250) CHARACTER SET utf8mb4 COLLATE utf8mb4_unicode_ci NOT NULL,
  `sec_image` varchar(250) CHARACTER SET utf8mb4 COLLATE utf8mb4_unicode_ci NOT NULL,
  `typ_id` int(11) DEFAULT NULL
) ENGINE=InnoDB DEFAULT CHARSET=utf8 COLLATE=utf8_bin;

--
-- Dumping data for table `typeofsection`
--

INSERT INTO `typeofsection` (`sec_id`, `sec_name`, `sho_id`, `sec_regdate`, `sec_thumbnail`, `sec_image`, `typ_id`) VALUES
(16, 'جينزات', 0, '2021-06-12 16:38:19', 'e9b8ff6325b2586bd047a2e349f7d54e.jpg', '2a4f86faed25e3a4a2faf885fd62cb37.jpg', 54),
(17, 'هاردات', 0, '2021-06-12 16:42:02', '69d1112b33d9a634bc68b6f0ff90f5b6.jpg', '9d014acf4d7497ad84e61dce0922a872.jpg', 23),
(18, 'لابتوبات', 0, '2021-06-12 17:10:00', '3f6d34423e124fb937c71d14ee05af70.jpg', 'c078575a67a19e88a64c2727448e9519.jpg', 23),
(19, 'عطر الياسمين', 0, '2021-06-17 11:52:39', '87f50dffcfd482de77c7c42df7ebf26c.jpg', '1104702cf9ad84ac857fdba7e1925239.jpg', 41),
(20, 'زباد', 0, '2021-06-17 11:56:38', '', '', 41),
(21, 'بخور', 0, '2021-06-17 11:56:49', '', '', 41),
(22, 'كيبوردات ', 0, '2021-07-27 08:59:37', '', '', 23),
(23, 'لبان العصفور', 0, '2021-07-27 09:01:05', '', '', 41);

-- --------------------------------------------------------

--
-- Table structure for table `typeofshope`
--

CREATE TABLE `typeofshope` (
  `typ_id` int(11) NOT NULL,
  `typ_name` varchar(250) COLLATE utf8_bin NOT NULL,
  `typ_city` int(11) NOT NULL,
  `typ_thumbnail` varchar(250) COLLATE utf8_bin DEFAULT NULL,
  `typ_image` varchar(250) COLLATE utf8_bin DEFAULT NULL
) ENGINE=InnoDB DEFAULT CHARSET=utf8 COLLATE=utf8_bin;

--
-- Dumping data for table `typeofshope`
--

INSERT INTO `typeofshope` (`typ_id`, `typ_name`, `typ_city`, `typ_thumbnail`, `typ_image`) VALUES
(23, 'تكنولوجيا وأنظمة', 1, 'e9bb6ecc62355559e5baf9cf5f47813f.jpg', '561c4293ce36ee4786ca0987789b56ee.jpg'),
(24, 'صالات الاعراس', 1, '', ''),
(25, 'الصيدليات', 1, '', ''),
(26, 'الذهب والمجوهرات', 1, '7500be2f50ab967156536865d3de6486.jpg', 'd6341b3d7be942bc61ffba318aee954e.jpg'),
(27, 'سوبر ماركت', 1, '', ''),
(28, 'بقالات', 1, '', ''),
(29, 'ادوات تجميل', 1, '42498a62f3ad0b14e4dcb45dedc15302.jpg', '4c0db7150b68c5977bcf6a3d9017d101.jpg'),
(30, 'صوالين الحلاقه', 1, '', ''),
(31, 'الكوافير', 1, '', ''),
(32, 'الشيش والمعسلات', 1, '', ''),
(33, 'عيادات مجارحة وضرب ابر', 1, '', ''),
(34, 'عيادات الاسنان', 1, '', ''),
(35, 'عيادات نساء وولادة', 1, '', ''),
(40, 'عيادات الاطباء', 1, '', ''),
(41, 'العطور', 1, '', ''),
(42, 'الاكسسوارات', 1, 'da7e64e88a7d24174f5cd55d0f46ba9f.jpg', '3f6aa57e03132a4f3051fce9cb4b05de.jpg'),
(43, 'التجميل', 1, '201064736e834bc595c25e4a89c533a7.jpg', 'cb30aebefbc0f245a268a65a5e673d83.jpg'),
(44, 'تاجير فساتين الزفاف والكوش', 1, '', ''),
(45, 'خدمات الاعراس', 1, '', ''),
(46, 'حجز الفنانين', 1, '', ''),
(47, 'التحف والهدايا', 1, 'c53e1acf1846645410975632095c4d36.jpg', '0a812c2a10d85699763c1cd8cb2c557d.jpg'),
(48, 'محلات اللحوم', 1, '', ''),
(49, 'تاجير السيارات', 1, '', ''),
(50, 'زينة السيارات', 1, '', ''),
(51, 'معارض السيارات', 1, '', ''),
(52, 'محطات الغاز', 1, '', ''),
(53, 'محطات الوقود', 1, '', ''),
(54, 'الاقمشة', 1, '54495a62db2b89e4590c6d5ccb04b8be.jpg', '32dcd77e5402186030e83d1b2510c513.jpg'),
(55, 'محلات الصرافه', 1, '', ''),
(56, 'مكاتب العقارات', 1, '', ''),
(57, 'الاجهزه الكهربائيه', 1, 'de4b03b574305c1b0c8fe83bf303c808.jpg', '797b86b5f913cfa1b91fefb35f8d7fd5.jpg'),
(58, 'الادوات المنزليه', 1, '30969307e72997b1e1f3a732d183e0c4.jpg', 'ac565f62f27fc2559fd4cd353c0fcf76.jpg'),
(59, 'العاب الاطفال', 1, '', ''),
(60, 'مغسلة قات', 1, '', ''),
(61, 'مغسلة ملابس', 1, '', ''),
(62, 'قطع غيار السيارات', 1, '', ''),
(63, 'مغسلة سيارات', 1, '', ''),
(64, 'قطع غيار الشاحنات والمعدات  الثقيلة', 1, '', ''),
(65, 'قطع غيار الدراجات النارية', 1, '', ''),
(66, 'ن', 1, '', ''),
(67, 'العسل', 1, '', ''),
(68, 'المطاعم', 1, '', ''),
(69, 'الكفتيريا', 1, '', ''),
(70, 'ااااا', 1, '', ''),
(71, 'سمكرة', 1, '', ''),
(72, 'نصر عمراني', 1, '', '');

-- --------------------------------------------------------

--
-- Table structure for table `Type_Package`
--

CREATE TABLE `Type_Package` (
  `ty_pacID` int(11) NOT NULL,
  `ty_pacName` varchar(1000) CHARACTER SET utf8mb4 COLLATE utf8mb4_unicode_ci DEFAULT NULL,
  `ty_pacPrice` varchar(1000) CHARACTER SET utf8mb4 COLLATE utf8mb4_unicode_ci DEFAULT NULL,
  `ty_pacDiscount` varchar(1000) CHARACTER SET utf8mb4 COLLATE utf8mb4_unicode_ci DEFAULT NULL,
  `ty_pacNumberProduct` varchar(1000) CHARACTER SET utf8mb4 COLLATE utf8mb4_unicode_ci DEFAULT NULL,
  `ty_pacDisc` varchar(1000) CHARACTER SET utf8mb4 COLLATE utf8mb4_unicode_ci DEFAULT NULL
) ENGINE=InnoDB DEFAULT CHARSET=utf8 COLLATE=utf8_unicode_ci;

--
-- Dumping data for table `Type_Package`
--

INSERT INTO `Type_Package` (`ty_pacID`, `ty_pacName`, `ty_pacPrice`, `ty_pacDiscount`, `ty_pacNumberProduct`, `ty_pacDisc`) VALUES
(5, 'باقة مجانية', '0', '0', '30', NULL),
(6, 'بلاتينية', '1000', '500', '100', NULL),
(7, 'فضية', '2000', '0', '300', NULL),
(8, 'ذهبية', '3000', '0', '500', NULL);

-- --------------------------------------------------------

--
-- Table structure for table `userFollowshope`
--

CREATE TABLE `userFollowshope` (
  `ufs_id` int(11) NOT NULL,
  `sho_id` int(11) NOT NULL,
  `cus_id` int(11) NOT NULL
) ENGINE=InnoDB DEFAULT CHARSET=utf8 COLLATE=utf8_unicode_ci;

--
-- Dumping data for table `userFollowshope`
--

INSERT INTO `userFollowshope` (`ufs_id`, `sho_id`, `cus_id`) VALUES
(20, 75, 2),
(24, 75, 4),
(27, 75, 5);

-- --------------------------------------------------------

--
-- Table structure for table `users`
--

CREATE TABLE `users` (
  `use_id` int(11) NOT NULL,
  `use_name` varchar(250) CHARACTER SET utf8mb4 COLLATE utf8mb4_unicode_ci NOT NULL,
  `use_mobile` int(90) NOT NULL,
  `use_pwd` varchar(250) CHARACTER SET utf8mb4 COLLATE utf8mb4_unicode_ci NOT NULL,
  `use_datetime` datetime NOT NULL,
  `use_active` tinyint(1) NOT NULL,
  `use_token` varchar(500) COLLATE utf8mb4_bin DEFAULT NULL,
  `use_lastdate` datetime NOT NULL,
  `use_not` varchar(500) COLLATE utf8mb4_bin DEFAULT NULL,
  `cit_id` int(11) DEFAULT NULL,
  `isaccess` tinyint(4) DEFAULT 0,
  `islogin` tinyint(4) DEFAULT NULL
) ENGINE=InnoDB DEFAULT CHARSET=utf8mb4 COLLATE=utf8mb4_bin;

--
-- Dumping data for table `users`
--

INSERT INTO `users` (`use_id`, `use_name`, `use_mobile`, `use_pwd`, `use_datetime`, `use_active`, `use_token`, `use_lastdate`, `use_not`, `cit_id`, `isaccess`, `islogin`) VALUES
(27, 'امجد القحطاني', 777905259, '11223344', '2021-05-01 21:30:16', 1, 'منم', '2021-05-21 05:48:50', '', 1, 1, 1),
(31, 'نصر', 737322399, '12', '2021-05-15 14:20:44', 1, NULL, '2021-05-15 14:20:44', '', 1, 1, 1),
(32, 'علاء', 776377794, '77777777', '2021-05-15 14:51:21', 0, NULL, '2021-05-15 14:51:21', '', 1, 1, NULL);

--
-- Indexes for dumped tables
--

--
-- Indexes for table `accessadd`
--
ALTER TABLE `accessadd`
  ADD PRIMARY KEY (`acc_id`);

--
-- Indexes for table `accessdel`
--
ALTER TABLE `accessdel`
  ADD PRIMARY KEY (`acc_id`);

--
-- Indexes for table `accessedit`
--
ALTER TABLE `accessedit`
  ADD PRIMARY KEY (`acc_id`);

--
-- Indexes for table `accessview`
--
ALTER TABLE `accessview`
  ADD PRIMARY KEY (`acc_id`);

--
-- Indexes for table `category`
--
ALTER TABLE `category`
  ADD PRIMARY KEY (`cat_id`);

--
-- Indexes for table `city`
--
ALTER TABLE `city`
  ADD PRIMARY KEY (`cit_id`);

--
-- Indexes for table `comment`
--
ALTER TABLE `comment`
  ADD PRIMARY KEY (`com_id`);

--
-- Indexes for table `customer`
--
ALTER TABLE `customer`
  ADD PRIMARY KEY (`cus_id`);

--
-- Indexes for table `delivery`
--
ALTER TABLE `delivery`
  ADD PRIMARY KEY (`del_id`);

--
-- Indexes for table `DetalisPackage`
--
ALTER TABLE `DetalisPackage`
  ADD PRIMARY KEY (`det_PacID`);

--
-- Indexes for table `discounts`
--
ALTER TABLE `discounts`
  ADD PRIMARY KEY (`dis_id`);

--
-- Indexes for table `favorite`
--
ALTER TABLE `favorite`
  ADD PRIMARY KEY (`fav_id`);

--
-- Indexes for table `food`
--
ALTER TABLE `food`
  ADD PRIMARY KEY (`foo_id`);

--
-- Indexes for table `history`
--
ALTER TABLE `history`
  ADD PRIMARY KEY (`his_id`);

--
-- Indexes for table `mall`
--
ALTER TABLE `mall`
  ADD PRIMARY KEY (`mal_id`);

--
-- Indexes for table `notification`
--
ALTER TABLE `notification`
  ADD PRIMARY KEY (`not_id`);

--
-- Indexes for table `product`
--
ALTER TABLE `product`
  ADD PRIMARY KEY (`pro_id`);

--
-- Indexes for table `rateingshope`
--
ALTER TABLE `rateingshope`
  ADD PRIMARY KEY (`rat_id`);

--
-- Indexes for table `report`
--
ALTER TABLE `report`
  ADD PRIMARY KEY (`rep_id`);

--
-- Indexes for table `reporttype`
--
ALTER TABLE `reporttype`
  ADD PRIMARY KEY (`reptyp_id`);

--
-- Indexes for table `shope`
--
ALTER TABLE `shope`
  ADD PRIMARY KEY (`sho_id`);

--
-- Indexes for table `slider`
--
ALTER TABLE `slider`
  ADD PRIMARY KEY (`sli_id`);

--
-- Indexes for table `socialURL`
--
ALTER TABLE `socialURL`
  ADD PRIMARY KEY (`su_id`);

--
-- Indexes for table `street`
--
ALTER TABLE `street`
  ADD PRIMARY KEY (`str_id`);

--
-- Indexes for table `typeofsection`
--
ALTER TABLE `typeofsection`
  ADD PRIMARY KEY (`sec_id`);

--
-- Indexes for table `typeofshope`
--
ALTER TABLE `typeofshope`
  ADD PRIMARY KEY (`typ_id`);

--
-- Indexes for table `Type_Package`
--
ALTER TABLE `Type_Package`
  ADD PRIMARY KEY (`ty_pacID`);

--
-- Indexes for table `userFollowshope`
--
ALTER TABLE `userFollowshope`
  ADD PRIMARY KEY (`ufs_id`);

--
-- Indexes for table `users`
--
ALTER TABLE `users`
  ADD PRIMARY KEY (`use_id`);

--
-- AUTO_INCREMENT for dumped tables
--

--
-- AUTO_INCREMENT for table `accessadd`
--
ALTER TABLE `accessadd`
  MODIFY `acc_id` int(11) NOT NULL AUTO_INCREMENT, AUTO_INCREMENT=48;

--
-- AUTO_INCREMENT for table `accessdel`
--
ALTER TABLE `accessdel`
  MODIFY `acc_id` int(11) NOT NULL AUTO_INCREMENT, AUTO_INCREMENT=47;

--
-- AUTO_INCREMENT for table `accessedit`
--
ALTER TABLE `accessedit`
  MODIFY `acc_id` int(11) NOT NULL AUTO_INCREMENT, AUTO_INCREMENT=47;

--
-- AUTO_INCREMENT for table `accessview`
--
ALTER TABLE `accessview`
  MODIFY `acc_id` int(11) NOT NULL AUTO_INCREMENT, AUTO_INCREMENT=47;

--
-- AUTO_INCREMENT for table `category`
--
ALTER TABLE `category`
  MODIFY `cat_id` int(11) NOT NULL AUTO_INCREMENT, AUTO_INCREMENT=18;

--
-- AUTO_INCREMENT for table `city`
--
ALTER TABLE `city`
  MODIFY `cit_id` int(11) NOT NULL AUTO_INCREMENT, AUTO_INCREMENT=171;

--
-- AUTO_INCREMENT for table `comment`
--
ALTER TABLE `comment`
  MODIFY `com_id` int(11) NOT NULL AUTO_INCREMENT, AUTO_INCREMENT=42;

--
-- AUTO_INCREMENT for table `customer`
--
ALTER TABLE `customer`
  MODIFY `cus_id` int(11) NOT NULL AUTO_INCREMENT, AUTO_INCREMENT=7;

--
-- AUTO_INCREMENT for table `delivery`
--
ALTER TABLE `delivery`
  MODIFY `del_id` int(11) NOT NULL AUTO_INCREMENT, AUTO_INCREMENT=2;

--
-- AUTO_INCREMENT for table `DetalisPackage`
--
ALTER TABLE `DetalisPackage`
  MODIFY `det_PacID` int(11) NOT NULL AUTO_INCREMENT, AUTO_INCREMENT=13;

--
-- AUTO_INCREMENT for table `discounts`
--
ALTER TABLE `discounts`
  MODIFY `dis_id` int(11) NOT NULL AUTO_INCREMENT, AUTO_INCREMENT=147;

--
-- AUTO_INCREMENT for table `favorite`
--
ALTER TABLE `favorite`
  MODIFY `fav_id` int(11) NOT NULL AUTO_INCREMENT, AUTO_INCREMENT=41;

--
-- AUTO_INCREMENT for table `food`
--
ALTER TABLE `food`
  MODIFY `foo_id` int(11) NOT NULL AUTO_INCREMENT, AUTO_INCREMENT=22;

--
-- AUTO_INCREMENT for table `history`
--
ALTER TABLE `history`
  MODIFY `his_id` int(11) NOT NULL AUTO_INCREMENT, AUTO_INCREMENT=230;

--
-- AUTO_INCREMENT for table `mall`
--
ALTER TABLE `mall`
  MODIFY `mal_id` int(11) NOT NULL AUTO_INCREMENT, AUTO_INCREMENT=14;

--
-- AUTO_INCREMENT for table `notification`
--
ALTER TABLE `notification`
  MODIFY `not_id` int(11) NOT NULL AUTO_INCREMENT, AUTO_INCREMENT=2;

--
-- AUTO_INCREMENT for table `product`
--
ALTER TABLE `product`
  MODIFY `pro_id` int(11) NOT NULL AUTO_INCREMENT, AUTO_INCREMENT=56;

--
-- AUTO_INCREMENT for table `rateingshope`
--
ALTER TABLE `rateingshope`
  MODIFY `rat_id` int(11) NOT NULL AUTO_INCREMENT, AUTO_INCREMENT=115;

--
-- AUTO_INCREMENT for table `report`
--
ALTER TABLE `report`
  MODIFY `rep_id` int(11) NOT NULL AUTO_INCREMENT, AUTO_INCREMENT=55;

--
-- AUTO_INCREMENT for table `reporttype`
--
ALTER TABLE `reporttype`
  MODIFY `reptyp_id` int(11) NOT NULL AUTO_INCREMENT, AUTO_INCREMENT=3;

--
-- AUTO_INCREMENT for table `shope`
--
ALTER TABLE `shope`
  MODIFY `sho_id` int(11) NOT NULL AUTO_INCREMENT, AUTO_INCREMENT=104;

--
-- AUTO_INCREMENT for table `slider`
--
ALTER TABLE `slider`
  MODIFY `sli_id` int(11) NOT NULL AUTO_INCREMENT, AUTO_INCREMENT=31;

--
-- AUTO_INCREMENT for table `socialURL`
--
ALTER TABLE `socialURL`
  MODIFY `su_id` int(11) NOT NULL AUTO_INCREMENT, AUTO_INCREMENT=6;

--
-- AUTO_INCREMENT for table `street`
--
ALTER TABLE `street`
  MODIFY `str_id` int(11) NOT NULL AUTO_INCREMENT, AUTO_INCREMENT=57;

--
-- AUTO_INCREMENT for table `typeofsection`
--
ALTER TABLE `typeofsection`
  MODIFY `sec_id` int(11) NOT NULL AUTO_INCREMENT, AUTO_INCREMENT=24;

--
-- AUTO_INCREMENT for table `typeofshope`
--
ALTER TABLE `typeofshope`
  MODIFY `typ_id` int(11) NOT NULL AUTO_INCREMENT, AUTO_INCREMENT=73;

--
-- AUTO_INCREMENT for table `Type_Package`
--
ALTER TABLE `Type_Package`
  MODIFY `ty_pacID` int(11) NOT NULL AUTO_INCREMENT, AUTO_INCREMENT=9;

--
-- AUTO_INCREMENT for table `userFollowshope`
--
ALTER TABLE `userFollowshope`
  MODIFY `ufs_id` int(11) NOT NULL AUTO_INCREMENT, AUTO_INCREMENT=31;

--
-- AUTO_INCREMENT for table `users`
--
ALTER TABLE `users`
  MODIFY `use_id` int(11) NOT NULL AUTO_INCREMENT, AUTO_INCREMENT=34;
COMMIT;

/*!40101 SET CHARACTER_SET_CLIENT=@OLD_CHARACTER_SET_CLIENT */;
/*!40101 SET CHARACTER_SET_RESULTS=@OLD_CHARACTER_SET_RESULTS */;
/*!40101 SET COLLATION_CONNECTION=@OLD_COLLATION_CONNECTION */;
